DateKey,Date,DayNum,Day,DayMonth,DayYear,weekNum,Month,MonthShort,MonthNum,Quarter,Year
20220101,2022-01-01,7,Saturday,1,1,1,January,Jan,1,1,2022
20220102,2022-01-02,1,Sunday,2,2,2,January,Jan,1,1,2022
20220103,2022-01-03,2,Monday,3,3,2,January,Jan,1,1,2022
20220104,2022-01-04,3,Tuesday,4,4,2,January,Jan,1,1,2022
20220105,2022-01-05,4,Wednesday,5,5,2,January,Jan,1,1,2022
20220106,2022-01-06,5,Thursday,6,6,2,January,Jan,1,1,2022
20220107,2022-01-07,6,Friday,7,7,2,January,Jan,1,1,2022
20220108,2022-01-08,7,Saturday,8,8,2,January,Jan,1,1,2022
20220109,2022-01-09,1,Sunday,9,9,3,January,Jan,1,1,2022
20220110,2022-01-10,2,Monday,10,10,3,January,Jan,1,1,2022
20220111,2022-01-11,3,Tuesday,11,11,3,January,Jan,1,1,2022
20220112,2022-01-12,4,Wednesday,12,12,3,January,Jan,1,1,2022
20220113,2022-01-13,5,Thursday,13,13,3,January,Jan,1,1,2022
20220114,2022-01-14,6,Friday,14,14,3,January,Jan,1,1,2022
20220115,2022-01-15,7,Saturday,15,15,3,January,Jan,1,1,2022
20220116,2022-01-16,1,Sunday,16,16,4,January,Jan,1,1,2022
20220117,2022-01-17,2,Monday,17,17,4,January,Jan,1,1,2022
20220118,2022-01-18,3,Tuesday,18,18,4,January,Jan,1,1,2022
20220119,2022-01-19,4,Wednesday,19,19,4,January,Jan,1,1,2022
20220120,2022-01-20,5,Thursday,20,20,4,January,Jan,1,1,2022
20220121,2022-01-21,6,Friday,21,21,4,January,Jan,1,1,2022
20220122,2022-01-22,7,Saturday,22,22,4,January,Jan,1,1,2022
20220123,2022-01-23,1,Sunday,23,23,5,January,Jan,1,1,2022
20220124,2022-01-24,2,Monday,24,24,5,January,Jan,1,1,2022
20220125,2022-01-25,3,Tuesday,25,25,5,January,Jan,1,1,2022
20220126,2022-01-26,4,Wednesday,26,26,5,January,Jan,1,1,2022
20220127,2022-01-27,5,Thursday,27,27,5,January,Jan,1,1,2022
20220128,2022-01-28,6,Friday,28,28,5,January,Jan,1,1,2022
20220129,2022-01-29,7,Saturday,29,29,5,January,Jan,1,1,2022
20220130,2022-01-30,1,Sunday,30,30,6,January,Jan,1,1,2022
20220131,2022-01-31,2,Monday,31,31,6,January,Jan,1,1,2022
20220201,2022-02-01,3,Tuesday,1,32,6,February,Feb,2,1,2022
20220202,2022-02-02,4,Wednesday,2,33,6,February,Feb,2,1,2022
20220203,2022-02-03,5,Thursday,3,34,6,February,Feb,2,1,2022
20220204,2022-02-04,6,Friday,4,35,6,February,Feb,2,1,2022
20220205,2022-02-05,7,Saturday,5,36,6,February,Feb,2,1,2022
20220206,2022-02-06,1,Sunday,6,37,7,February,Feb,2,1,2022
20220207,2022-02-07,2,Monday,7,38,7,February,Feb,2,1,2022
20220208,2022-02-08,3,Tuesday,8,39,7,February,Feb,2,1,2022
20220209,2022-02-09,4,Wednesday,9,40,7,February,Feb,2,1,2022
20220210,2022-02-10,5,Thursday,10,41,7,February,Feb,2,1,2022
20220211,2022-02-11,6,Friday,11,42,7,February,Feb,2,1,2022
20220212,2022-02-12,7,Saturday,12,43,7,February,Feb,2,1,2022
20220213,2022-02-13,1,Sunday,13,44,8,February,Feb,2,1,2022
20220214,2022-02-14,2,Monday,14,45,8,February,Feb,2,1,2022
20220215,2022-02-15,3,Tuesday,15,46,8,February,Feb,2,1,2022
20220216,2022-02-16,4,Wednesday,16,47,8,February,Feb,2,1,2022
20220217,2022-02-17,5,Thursday,17,48,8,February,Feb,2,1,2022
20220218,2022-02-18,6,Friday,18,49,8,February,Feb,2,1,2022
20220219,2022-02-19,7,Saturday,19,50,8,February,Feb,2,1,2022
20220220,2022-02-20,1,Sunday,20,51,9,February,Feb,2,1,2022
20220221,2022-02-21,2,Monday,21,52,9,February,Feb,2,1,2022
20220222,2022-02-22,3,Tuesday,22,53,9,February,Feb,2,1,2022
20220223,2022-02-23,4,Wednesday,23,54,9,February,Feb,2,1,2022
20220224,2022-02-24,5,Thursday,24,55,9,February,Feb,2,1,2022
20220225,2022-02-25,6,Friday,25,56,9,February,Feb,2,1,2022
20220226,2022-02-26,7,Saturday,26,57,9,February,Feb,2,1,2022
20220227,2022-02-27,1,Sunday,27,58,10,February,Feb,2,1,2022
20220228,2022-02-28,2,Monday,28,59,10,February,Feb,2,1,2022
20220301,2022-03-01,3,Tuesday,1,60,10,March,Mar,3,1,2022
20220302,2022-03-02,4,Wednesday,2,61,10,March,Mar,3,1,2022
20220303,2022-03-03,5,Thursday,3,62,10,March,Mar,3,1,2022
20220304,2022-03-04,6,Friday,4,63,10,March,Mar,3,1,2022
20220305,2022-03-05,7,Saturday,5,64,10,March,Mar,3,1,2022
20220306,2022-03-06,1,Sunday,6,65,11,March,Mar,3,1,2022
20220307,2022-03-07,2,Monday,7,66,11,March,Mar,3,1,2022
20220308,2022-03-08,3,Tuesday,8,67,11,March,Mar,3,1,2022
20220309,2022-03-09,4,Wednesday,9,68,11,March,Mar,3,1,2022
20220310,2022-03-10,5,Thursday,10,69,11,March,Mar,3,1,2022
20220311,2022-03-11,6,Friday,11,70,11,March,Mar,3,1,2022
20220312,2022-03-12,7,Saturday,12,71,11,March,Mar,3,1,2022
20220313,2022-03-13,1,Sunday,13,72,12,March,Mar,3,1,2022
20220314,2022-03-14,2,Monday,14,73,12,March,Mar,3,1,2022
20220315,2022-03-15,3,Tuesday,15,74,12,March,Mar,3,1,2022
20220316,2022-03-16,4,Wednesday,16,75,12,March,Mar,3,1,2022
20220317,2022-03-17,5,Thursday,17,76,12,March,Mar,3,1,2022
20220318,2022-03-18,6,Friday,18,77,12,March,Mar,3,1,2022
20220319,2022-03-19,7,Saturday,19,78,12,March,Mar,3,1,2022
20220320,2022-03-20,1,Sunday,20,79,13,March,Mar,3,1,2022
20220321,2022-03-21,2,Monday,21,80,13,March,Mar,3,1,2022
20220322,2022-03-22,3,Tuesday,22,81,13,March,Mar,3,1,2022
20220323,2022-03-23,4,Wednesday,23,82,13,March,Mar,3,1,2022
20220324,2022-03-24,5,Thursday,24,83,13,March,Mar,3,1,2022
20220325,2022-03-25,6,Friday,25,84,13,March,Mar,3,1,2022
20220326,2022-03-26,7,Saturday,26,85,13,March,Mar,3,1,2022
20220327,2022-03-27,1,Sunday,27,86,14,March,Mar,3,1,2022
20220328,2022-03-28,2,Monday,28,87,14,March,Mar,3,1,2022
20220329,2022-03-29,3,Tuesday,29,88,14,March,Mar,3,1,2022
20220330,2022-03-30,4,Wednesday,30,89,14,March,Mar,3,1,2022
20220331,2022-03-31,5,Thursday,31,90,14,March,Mar,3,1,2022
20220401,2022-04-01,6,Friday,1,91,14,April,Apr,4,2,2022
20220402,2022-04-02,7,Saturday,2,92,14,April,Apr,4,2,2022
20220403,2022-04-03,1,Sunday,3,93,15,April,Apr,4,2,2022
20220404,2022-04-04,2,Monday,4,94,15,April,Apr,4,2,2022
20220405,2022-04-05,3,Tuesday,5,95,15,April,Apr,4,2,2022
20220406,2022-04-06,4,Wednesday,6,96,15,April,Apr,4,2,2022
20220407,2022-04-07,5,Thursday,7,97,15,April,Apr,4,2,2022
20220408,2022-04-08,6,Friday,8,98,15,April,Apr,4,2,2022
20220409,2022-04-09,7,Saturday,9,99,15,April,Apr,4,2,2022
20220410,2022-04-10,1,Sunday,10,100,16,April,Apr,4,2,2022
20220411,2022-04-11,2,Monday,11,101,16,April,Apr,4,2,2022
20220412,2022-04-12,3,Tuesday,12,102,16,April,Apr,4,2,2022
20220413,2022-04-13,4,Wednesday,13,103,16,April,Apr,4,2,2022
20220414,2022-04-14,5,Thursday,14,104,16,April,Apr,4,2,2022
20220415,2022-04-15,6,Friday,15,105,16,April,Apr,4,2,2022
20220416,2022-04-16,7,Saturday,16,106,16,April,Apr,4,2,2022
20220417,2022-04-17,1,Sunday,17,107,17,April,Apr,4,2,2022
20220418,2022-04-18,2,Monday,18,108,17,April,Apr,4,2,2022
20220419,2022-04-19,3,Tuesday,19,109,17,April,Apr,4,2,2022
20220420,2022-04-20,4,Wednesday,20,110,17,April,Apr,4,2,2022
20220421,2022-04-21,5,Thursday,21,111,17,April,Apr,4,2,2022
20220422,2022-04-22,6,Friday,22,112,17,April,Apr,4,2,2022
20220423,2022-04-23,7,Saturday,23,113,17,April,Apr,4,2,2022
20220424,2022-04-24,1,Sunday,24,114,18,April,Apr,4,2,2022
20220425,2022-04-25,2,Monday,25,115,18,April,Apr,4,2,2022
20220426,2022-04-26,3,Tuesday,26,116,18,April,Apr,4,2,2022
20220427,2022-04-27,4,Wednesday,27,117,18,April,Apr,4,2,2022
20220428,2022-04-28,5,Thursday,28,118,18,April,Apr,4,2,2022
20220429,2022-04-29,6,Friday,29,119,18,April,Apr,4,2,2022
20220430,2022-04-30,7,Saturday,30,120,18,April,Apr,4,2,2022
20220501,2022-05-01,1,Sunday,1,121,19,May,May,5,2,2022
20220502,2022-05-02,2,Monday,2,122,19,May,May,5,2,2022
20220503,2022-05-03,3,Tuesday,3,123,19,May,May,5,2,2022
20220504,2022-05-04,4,Wednesday,4,124,19,May,May,5,2,2022
20220505,2022-05-05,5,Thursday,5,125,19,May,May,5,2,2022
20220506,2022-05-06,6,Friday,6,126,19,May,May,5,2,2022
20220507,2022-05-07,7,Saturday,7,127,19,May,May,5,2,2022
20220508,2022-05-08,1,Sunday,8,128,20,May,May,5,2,2022
20220509,2022-05-09,2,Monday,9,129,20,May,May,5,2,2022
20220510,2022-05-10,3,Tuesday,10,130,20,May,May,5,2,2022
20220511,2022-05-11,4,Wednesday,11,131,20,May,May,5,2,2022
20220512,2022-05-12,5,Thursday,12,132,20,May,May,5,2,2022
20220513,2022-05-13,6,Friday,13,133,20,May,May,5,2,2022
20220514,2022-05-14,7,Saturday,14,134,20,May,May,5,2,2022
20220515,2022-05-15,1,Sunday,15,135,21,May,May,5,2,2022
20220516,2022-05-16,2,Monday,16,136,21,May,May,5,2,2022
20220517,2022-05-17,3,Tuesday,17,137,21,May,May,5,2,2022
20220518,2022-05-18,4,Wednesday,18,138,21,May,May,5,2,2022
20220519,2022-05-19,5,Thursday,19,139,21,May,May,5,2,2022
20220520,2022-05-20,6,Friday,20,140,21,May,May,5,2,2022
20220521,2022-05-21,7,Saturday,21,141,21,May,May,5,2,2022
20220522,2022-05-22,1,Sunday,22,142,22,May,May,5,2,2022
20220523,2022-05-23,2,Monday,23,143,22,May,May,5,2,2022
20220524,2022-05-24,3,Tuesday,24,144,22,May,May,5,2,2022
20220525,2022-05-25,4,Wednesday,25,145,22,May,May,5,2,2022
20220526,2022-05-26,5,Thursday,26,146,22,May,May,5,2,2022
20220527,2022-05-27,6,Friday,27,147,22,May,May,5,2,2022
20220528,2022-05-28,7,Saturday,28,148,22,May,May,5,2,2022
20220529,2022-05-29,1,Sunday,29,149,23,May,May,5,2,2022
20220530,2022-05-30,2,Monday,30,150,23,May,May,5,2,2022
20220531,2022-05-31,3,Tuesday,31,151,23,May,May,5,2,2022
20220601,2022-06-01,4,Wednesday,1,152,23,June,Jun,6,2,2022
20220602,2022-06-02,5,Thursday,2,153,23,June,Jun,6,2,2022
20220603,2022-06-03,6,Friday,3,154,23,June,Jun,6,2,2022
20220604,2022-06-04,7,Saturday,4,155,23,June,Jun,6,2,2022
20220605,2022-06-05,1,Sunday,5,156,24,June,Jun,6,2,2022
20220606,2022-06-06,2,Monday,6,157,24,June,Jun,6,2,2022
20220607,2022-06-07,3,Tuesday,7,158,24,June,Jun,6,2,2022
20220608,2022-06-08,4,Wednesday,8,159,24,June,Jun,6,2,2022
20220609,2022-06-09,5,Thursday,9,160,24,June,Jun,6,2,2022
20220610,2022-06-10,6,Friday,10,161,24,June,Jun,6,2,2022
20220611,2022-06-11,7,Saturday,11,162,24,June,Jun,6,2,2022
20220612,2022-06-12,1,Sunday,12,163,25,June,Jun,6,2,2022
20220613,2022-06-13,2,Monday,13,164,25,June,Jun,6,2,2022
20220614,2022-06-14,3,Tuesday,14,165,25,June,Jun,6,2,2022
20220615,2022-06-15,4,Wednesday,15,166,25,June,Jun,6,2,2022
20220616,2022-06-16,5,Thursday,16,167,25,June,Jun,6,2,2022
20220617,2022-06-17,6,Friday,17,168,25,June,Jun,6,2,2022
20220618,2022-06-18,7,Saturday,18,169,25,June,Jun,6,2,2022
20220619,2022-06-19,1,Sunday,19,170,26,June,Jun,6,2,2022
20220620,2022-06-20,2,Monday,20,171,26,June,Jun,6,2,2022
20220621,2022-06-21,3,Tuesday,21,172,26,June,Jun,6,2,2022
20220622,2022-06-22,4,Wednesday,22,173,26,June,Jun,6,2,2022
20220623,2022-06-23,5,Thursday,23,174,26,June,Jun,6,2,2022
20220624,2022-06-24,6,Friday,24,175,26,June,Jun,6,2,2022
20220625,2022-06-25,7,Saturday,25,176,26,June,Jun,6,2,2022
20220626,2022-06-26,1,Sunday,26,177,27,June,Jun,6,2,2022
20220627,2022-06-27,2,Monday,27,178,27,June,Jun,6,2,2022
20220628,2022-06-28,3,Tuesday,28,179,27,June,Jun,6,2,2022
20220629,2022-06-29,4,Wednesday,29,180,27,June,Jun,6,2,2022
20220630,2022-06-30,5,Thursday,30,181,27,June,Jun,6,2,2022
20220701,2022-07-01,6,Friday,1,182,27,July,Jul,7,3,2022
20220702,2022-07-02,7,Saturday,2,183,27,July,Jul,7,3,2022
20220703,2022-07-03,1,Sunday,3,184,28,July,Jul,7,3,2022
20220704,2022-07-04,2,Monday,4,185,28,July,Jul,7,3,2022
20220705,2022-07-05,3,Tuesday,5,186,28,July,Jul,7,3,2022
20220706,2022-07-06,4,Wednesday,6,187,28,July,Jul,7,3,2022
20220707,2022-07-07,5,Thursday,7,188,28,July,Jul,7,3,2022
20220708,2022-07-08,6,Friday,8,189,28,July,Jul,7,3,2022
20220709,2022-07-09,7,Saturday,9,190,28,July,Jul,7,3,2022
20220710,2022-07-10,1,Sunday,10,191,29,July,Jul,7,3,2022
20220711,2022-07-11,2,Monday,11,192,29,July,Jul,7,3,2022
20220712,2022-07-12,3,Tuesday,12,193,29,July,Jul,7,3,2022
20220713,2022-07-13,4,Wednesday,13,194,29,July,Jul,7,3,2022
20220714,2022-07-14,5,Thursday,14,195,29,July,Jul,7,3,2022
20220715,2022-07-15,6,Friday,15,196,29,July,Jul,7,3,2022
20220716,2022-07-16,7,Saturday,16,197,29,July,Jul,7,3,2022
20220717,2022-07-17,1,Sunday,17,198,30,July,Jul,7,3,2022
20220718,2022-07-18,2,Monday,18,199,30,July,Jul,7,3,2022
20220719,2022-07-19,3,Tuesday,19,200,30,July,Jul,7,3,2022
20220720,2022-07-20,4,Wednesday,20,201,30,July,Jul,7,3,2022
20220721,2022-07-21,5,Thursday,21,202,30,July,Jul,7,3,2022
20220722,2022-07-22,6,Friday,22,203,30,July,Jul,7,3,2022
20220723,2022-07-23,7,Saturday,23,204,30,July,Jul,7,3,2022
20220724,2022-07-24,1,Sunday,24,205,31,July,Jul,7,3,2022
20220725,2022-07-25,2,Monday,25,206,31,July,Jul,7,3,2022
20220726,2022-07-26,3,Tuesday,26,207,31,July,Jul,7,3,2022
20220727,2022-07-27,4,Wednesday,27,208,31,July,Jul,7,3,2022
20220728,2022-07-28,5,Thursday,28,209,31,July,Jul,7,3,2022
20220729,2022-07-29,6,Friday,29,210,31,July,Jul,7,3,2022
20220730,2022-07-30,7,Saturday,30,211,31,July,Jul,7,3,2022
20220731,2022-07-31,1,Sunday,31,212,32,July,Jul,7,3,2022
20220801,2022-08-01,2,Monday,1,213,32,August,Aug,8,3,2022
20220802,2022-08-02,3,Tuesday,2,214,32,August,Aug,8,3,2022
20220803,2022-08-03,4,Wednesday,3,215,32,August,Aug,8,3,2022
20220804,2022-08-04,5,Thursday,4,216,32,August,Aug,8,3,2022
20220805,2022-08-05,6,Friday,5,217,32,August,Aug,8,3,2022
20220806,2022-08-06,7,Saturday,6,218,32,August,Aug,8,3,2022
20220807,2022-08-07,1,Sunday,7,219,33,August,Aug,8,3,2022
20220808,2022-08-08,2,Monday,8,220,33,August,Aug,8,3,2022
20220809,2022-08-09,3,Tuesday,9,221,33,August,Aug,8,3,2022
20220810,2022-08-10,4,Wednesday,10,222,33,August,Aug,8,3,2022
20220811,2022-08-11,5,Thursday,11,223,33,August,Aug,8,3,2022
20220812,2022-08-12,6,Friday,12,224,33,August,Aug,8,3,2022
20220813,2022-08-13,7,Saturday,13,225,33,August,Aug,8,3,2022
20220814,2022-08-14,1,Sunday,14,226,34,August,Aug,8,3,2022
20220815,2022-08-15,2,Monday,15,227,34,August,Aug,8,3,2022
20220816,2022-08-16,3,Tuesday,16,228,34,August,Aug,8,3,2022
20220817,2022-08-17,4,Wednesday,17,229,34,August,Aug,8,3,2022
20220818,2022-08-18,5,Thursday,18,230,34,August,Aug,8,3,2022
20220819,2022-08-19,6,Friday,19,231,34,August,Aug,8,3,2022
20220820,2022-08-20,7,Saturday,20,232,34,August,Aug,8,3,2022
20220821,2022-08-21,1,Sunday,21,233,35,August,Aug,8,3,2022
20220822,2022-08-22,2,Monday,22,234,35,August,Aug,8,3,2022
20220823,2022-08-23,3,Tuesday,23,235,35,August,Aug,8,3,2022
20220824,2022-08-24,4,Wednesday,24,236,35,August,Aug,8,3,2022
20220825,2022-08-25,5,Thursday,25,237,35,August,Aug,8,3,2022
20220826,2022-08-26,6,Friday,26,238,35,August,Aug,8,3,2022
20220827,2022-08-27,7,Saturday,27,239,35,August,Aug,8,3,2022
20220828,2022-08-28,1,Sunday,28,240,36,August,Aug,8,3,2022
20220829,2022-08-29,2,Monday,29,241,36,August,Aug,8,3,2022
20220830,2022-08-30,3,Tuesday,30,242,36,August,Aug,8,3,2022
20220831,2022-08-31,4,Wednesday,31,243,36,August,Aug,8,3,2022
20220901,2022-09-01,5,Thursday,1,244,36,September,Sep,9,3,2022
20220902,2022-09-02,6,Friday,2,245,36,September,Sep,9,3,2022
20220903,2022-09-03,7,Saturday,3,246,36,September,Sep,9,3,2022
20220904,2022-09-04,1,Sunday,4,247,37,September,Sep,9,3,2022
20220905,2022-09-05,2,Monday,5,248,37,September,Sep,9,3,2022
20220906,2022-09-06,3,Tuesday,6,249,37,September,Sep,9,3,2022
20220907,2022-09-07,4,Wednesday,7,250,37,September,Sep,9,3,2022
20220908,2022-09-08,5,Thursday,8,251,37,September,Sep,9,3,2022
20220909,2022-09-09,6,Friday,9,252,37,September,Sep,9,3,2022
20220910,2022-09-10,7,Saturday,10,253,37,September,Sep,9,3,2022
20220911,2022-09-11,1,Sunday,11,254,38,September,Sep,9,3,2022
20220912,2022-09-12,2,Monday,12,255,38,September,Sep,9,3,2022
20220913,2022-09-13,3,Tuesday,13,256,38,September,Sep,9,3,2022
20220914,2022-09-14,4,Wednesday,14,257,38,September,Sep,9,3,2022
20220915,2022-09-15,5,Thursday,15,258,38,September,Sep,9,3,2022
20220916,2022-09-16,6,Friday,16,259,38,September,Sep,9,3,2022
20220917,2022-09-17,7,Saturday,17,260,38,September,Sep,9,3,2022
20220918,2022-09-18,1,Sunday,18,261,39,September,Sep,9,3,2022
20220919,2022-09-19,2,Monday,19,262,39,September,Sep,9,3,2022
20220920,2022-09-20,3,Tuesday,20,263,39,September,Sep,9,3,2022
20220921,2022-09-21,4,Wednesday,21,264,39,September,Sep,9,3,2022
20220922,2022-09-22,5,Thursday,22,265,39,September,Sep,9,3,2022
20220923,2022-09-23,6,Friday,23,266,39,September,Sep,9,3,2022
20220924,2022-09-24,7,Saturday,24,267,39,September,Sep,9,3,2022
20220925,2022-09-25,1,Sunday,25,268,40,September,Sep,9,3,2022
20220926,2022-09-26,2,Monday,26,269,40,September,Sep,9,3,2022
20220927,2022-09-27,3,Tuesday,27,270,40,September,Sep,9,3,2022
20220928,2022-09-28,4,Wednesday,28,271,40,September,Sep,9,3,2022
20220929,2022-09-29,5,Thursday,29,272,40,September,Sep,9,3,2022
20220930,2022-09-30,6,Friday,30,273,40,September,Sep,9,3,2022
20221001,2022-10-01,7,Saturday,1,274,40,October,Oct,10,4,2022
20221002,2022-10-02,1,Sunday,2,275,41,October,Oct,10,4,2022
20221003,2022-10-03,2,Monday,3,276,41,October,Oct,10,4,2022
20221004,2022-10-04,3,Tuesday,4,277,41,October,Oct,10,4,2022
20221005,2022-10-05,4,Wednesday,5,278,41,October,Oct,10,4,2022
20221006,2022-10-06,5,Thursday,6,279,41,October,Oct,10,4,2022
20221007,2022-10-07,6,Friday,7,280,41,October,Oct,10,4,2022
20221008,2022-10-08,7,Saturday,8,281,41,October,Oct,10,4,2022
20221009,2022-10-09,1,Sunday,9,282,42,October,Oct,10,4,2022
20221010,2022-10-10,2,Monday,10,283,42,October,Oct,10,4,2022
20221011,2022-10-11,3,Tuesday,11,284,42,October,Oct,10,4,2022
20221012,2022-10-12,4,Wednesday,12,285,42,October,Oct,10,4,2022
20221013,2022-10-13,5,Thursday,13,286,42,October,Oct,10,4,2022
20221014,2022-10-14,6,Friday,14,287,42,October,Oct,10,4,2022
20221015,2022-10-15,7,Saturday,15,288,42,October,Oct,10,4,2022
20221016,2022-10-16,1,Sunday,16,289,43,October,Oct,10,4,2022
20221017,2022-10-17,2,Monday,17,290,43,October,Oct,10,4,2022
20221018,2022-10-18,3,Tuesday,18,291,43,October,Oct,10,4,2022
20221019,2022-10-19,4,Wednesday,19,292,43,October,Oct,10,4,2022
20221020,2022-10-20,5,Thursday,20,293,43,October,Oct,10,4,2022
20221021,2022-10-21,6,Friday,21,294,43,October,Oct,10,4,2022
20221022,2022-10-22,7,Saturday,22,295,43,October,Oct,10,4,2022
20221023,2022-10-23,1,Sunday,23,296,44,October,Oct,10,4,2022
20221024,2022-10-24,2,Monday,24,297,44,October,Oct,10,4,2022
20221025,2022-10-25,3,Tuesday,25,298,44,October,Oct,10,4,2022
20221026,2022-10-26,4,Wednesday,26,299,44,October,Oct,10,4,2022
20221027,2022-10-27,5,Thursday,27,300,44,October,Oct,10,4,2022
20221028,2022-10-28,6,Friday,28,301,44,October,Oct,10,4,2022
20221029,2022-10-29,7,Saturday,29,302,44,October,Oct,10,4,2022
20221030,2022-10-30,1,Sunday,30,303,45,October,Oct,10,4,2022
20221031,2022-10-31,2,Monday,31,304,45,October,Oct,10,4,2022
20221101,2022-11-01,3,Tuesday,1,305,45,November,Nov,11,4,2022
20221102,2022-11-02,4,Wednesday,2,306,45,November,Nov,11,4,2022
20221103,2022-11-03,5,Thursday,3,307,45,November,Nov,11,4,2022
20221104,2022-11-04,6,Friday,4,308,45,November,Nov,11,4,2022
20221105,2022-11-05,7,Saturday,5,309,45,November,Nov,11,4,2022
20221106,2022-11-06,1,Sunday,6,310,46,November,Nov,11,4,2022
20221107,2022-11-07,2,Monday,7,311,46,November,Nov,11,4,2022
20221108,2022-11-08,3,Tuesday,8,312,46,November,Nov,11,4,2022
20221109,2022-11-09,4,Wednesday,9,313,46,November,Nov,11,4,2022
20221110,2022-11-10,5,Thursday,10,314,46,November,Nov,11,4,2022
20221111,2022-11-11,6,Friday,11,315,46,November,Nov,11,4,2022
20221112,2022-11-12,7,Saturday,12,316,46,November,Nov,11,4,2022
20221113,2022-11-13,1,Sunday,13,317,47,November,Nov,11,4,2022
20221114,2022-11-14,2,Monday,14,318,47,November,Nov,11,4,2022
20221115,2022-11-15,3,Tuesday,15,319,47,November,Nov,11,4,2022
20221116,2022-11-16,4,Wednesday,16,320,47,November,Nov,11,4,2022
20221117,2022-11-17,5,Thursday,17,321,47,November,Nov,11,4,2022
20221118,2022-11-18,6,Friday,18,322,47,November,Nov,11,4,2022
20221119,2022-11-19,7,Saturday,19,323,47,November,Nov,11,4,2022
20221120,2022-11-20,1,Sunday,20,324,48,November,Nov,11,4,2022
20221121,2022-11-21,2,Monday,21,325,48,November,Nov,11,4,2022
20221122,2022-11-22,3,Tuesday,22,326,48,November,Nov,11,4,2022
20221123,2022-11-23,4,Wednesday,23,327,48,November,Nov,11,4,2022
20221124,2022-11-24,5,Thursday,24,328,48,November,Nov,11,4,2022
20221125,2022-11-25,6,Friday,25,329,48,November,Nov,11,4,2022
20221126,2022-11-26,7,Saturday,26,330,48,November,Nov,11,4,2022
20221127,2022-11-27,1,Sunday,27,331,49,November,Nov,11,4,2022
20221128,2022-11-28,2,Monday,28,332,49,November,Nov,11,4,2022
20221129,2022-11-29,3,Tuesday,29,333,49,November,Nov,11,4,2022
20221130,2022-11-30,4,Wednesday,30,334,49,November,Nov,11,4,2022
20221201,2022-12-01,5,Thursday,1,335,49,December,Dec,12,4,2022
20221202,2022-12-02,6,Friday,2,336,49,December,Dec,12,4,2022
20221203,2022-12-03,7,Saturday,3,337,49,December,Dec,12,4,2022
20221204,2022-12-04,1,Sunday,4,338,50,December,Dec,12,4,2022
20221205,2022-12-05,2,Monday,5,339,50,December,Dec,12,4,2022
20221206,2022-12-06,3,Tuesday,6,340,50,December,Dec,12,4,2022
20221207,2022-12-07,4,Wednesday,7,341,50,December,Dec,12,4,2022
20221208,2022-12-08,5,Thursday,8,342,50,December,Dec,12,4,2022
20221209,2022-12-09,6,Friday,9,343,50,December,Dec,12,4,2022
20221210,2022-12-10,7,Saturday,10,344,50,December,Dec,12,4,2022
20221211,2022-12-11,1,Sunday,11,345,51,December,Dec,12,4,2022
20221212,2022-12-12,2,Monday,12,346,51,December,Dec,12,4,2022
20221213,2022-12-13,3,Tuesday,13,347,51,December,Dec,12,4,2022
20221214,2022-12-14,4,Wednesday,14,348,51,December,Dec,12,4,2022
20221215,2022-12-15,5,Thursday,15,349,51,December,Dec,12,4,2022
20221216,2022-12-16,6,Friday,16,350,51,December,Dec,12,4,2022
20221217,2022-12-17,7,Saturday,17,351,51,December,Dec,12,4,2022
20221218,2022-12-18,1,Sunday,18,352,52,December,Dec,12,4,2022
20221219,2022-12-19,2,Monday,19,353,52,December,Dec,12,4,2022
20221220,2022-12-20,3,Tuesday,20,354,52,December,Dec,12,4,2022
20221221,2022-12-21,4,Wednesday,21,355,52,December,Dec,12,4,2022
20221222,2022-12-22,5,Thursday,22,356,52,December,Dec,12,4,2022
20221223,2022-12-23,6,Friday,23,357,52,December,Dec,12,4,2022
20221224,2022-12-24,7,Saturday,24,358,52,December,Dec,12,4,2022
20221225,2022-12-25,1,Sunday,25,359,53,December,Dec,12,4,2022
20221226,2022-12-26,2,Monday,26,360,53,December,Dec,12,4,2022
20221227,2022-12-27,3,Tuesday,27,361,53,December,Dec,12,4,2022
20221228,2022-12-28,4,Wednesday,28,362,53,December,Dec,12,4,2022
20221229,2022-12-29,5,Thursday,29,363,53,December,Dec,12,4,2022
20221230,2022-12-30,6,Friday,30,364,53,December,Dec,12,4,2022
20221231,2022-12-31,7,Saturday,31,365,53,December,Dec,12,4,2022
20230101,2023-01-01,1,Sunday,1,1,1,January,Jan,1,1,2023
20230102,2023-01-02,2,Monday,2,2,1,January,Jan,1,1,2023
20230103,2023-01-03,3,Tuesday,3,3,1,January,Jan,1,1,2023
20230104,2023-01-04,4,Wednesday,4,4,1,January,Jan,1,1,2023
20230105,2023-01-05,5,Thursday,5,5,1,January,Jan,1,1,2023
20230106,2023-01-06,6,Friday,6,6,1,January,Jan,1,1,2023
20230107,2023-01-07,7,Saturday,7,7,1,January,Jan,1,1,2023
20230108,2023-01-08,1,Sunday,8,8,2,January,Jan,1,1,2023
20230109,2023-01-09,2,Monday,9,9,2,January,Jan,1,1,2023
20230110,2023-01-10,3,Tuesday,10,10,2,January,Jan,1,1,2023
20230111,2023-01-11,4,Wednesday,11,11,2,January,Jan,1,1,2023
20230112,2023-01-12,5,Thursday,12,12,2,January,Jan,1,1,2023
20230113,2023-01-13,6,Friday,13,13,2,January,Jan,1,1,2023
20230114,2023-01-14,7,Saturday,14,14,2,January,Jan,1,1,2023
20230115,2023-01-15,1,Sunday,15,15,3,January,Jan,1,1,2023
20230116,2023-01-16,2,Monday,16,16,3,January,Jan,1,1,2023
20230117,2023-01-17,3,Tuesday,17,17,3,January,Jan,1,1,2023
20230118,2023-01-18,4,Wednesday,18,18,3,January,Jan,1,1,2023
20230119,2023-01-19,5,Thursday,19,19,3,January,Jan,1,1,2023
20230120,2023-01-20,6,Friday,20,20,3,January,Jan,1,1,2023
20230121,2023-01-21,7,Saturday,21,21,3,January,Jan,1,1,2023
20230122,2023-01-22,1,Sunday,22,22,4,January,Jan,1,1,2023
20230123,2023-01-23,2,Monday,23,23,4,January,Jan,1,1,2023
20230124,2023-01-24,3,Tuesday,24,24,4,January,Jan,1,1,2023
20230125,2023-01-25,4,Wednesday,25,25,4,January,Jan,1,1,2023
20230126,2023-01-26,5,Thursday,26,26,4,January,Jan,1,1,2023
20230127,2023-01-27,6,Friday,27,27,4,January,Jan,1,1,2023
20230128,2023-01-28,7,Saturday,28,28,4,January,Jan,1,1,2023
20230129,2023-01-29,1,Sunday,29,29,5,January,Jan,1,1,2023
20230130,2023-01-30,2,Monday,30,30,5,January,Jan,1,1,2023
20230131,2023-01-31,3,Tuesday,31,31,5,January,Jan,1,1,2023
20230201,2023-02-01,4,Wednesday,1,32,5,February,Feb,2,1,2023
20230202,2023-02-02,5,Thursday,2,33,5,February,Feb,2,1,2023
20230203,2023-02-03,6,Friday,3,34,5,February,Feb,2,1,2023
20230204,2023-02-04,7,Saturday,4,35,5,February,Feb,2,1,2023
20230205,2023-02-05,1,Sunday,5,36,6,February,Feb,2,1,2023
20230206,2023-02-06,2,Monday,6,37,6,February,Feb,2,1,2023
20230207,2023-02-07,3,Tuesday,7,38,6,February,Feb,2,1,2023
20230208,2023-02-08,4,Wednesday,8,39,6,February,Feb,2,1,2023
20230209,2023-02-09,5,Thursday,9,40,6,February,Feb,2,1,2023
20230210,2023-02-10,6,Friday,10,41,6,February,Feb,2,1,2023
20230211,2023-02-11,7,Saturday,11,42,6,February,Feb,2,1,2023
20230212,2023-02-12,1,Sunday,12,43,7,February,Feb,2,1,2023
20230213,2023-02-13,2,Monday,13,44,7,February,Feb,2,1,2023
20230214,2023-02-14,3,Tuesday,14,45,7,February,Feb,2,1,2023
20230215,2023-02-15,4,Wednesday,15,46,7,February,Feb,2,1,2023
20230216,2023-02-16,5,Thursday,16,47,7,February,Feb,2,1,2023
20230217,2023-02-17,6,Friday,17,48,7,February,Feb,2,1,2023
20230218,2023-02-18,7,Saturday,18,49,7,February,Feb,2,1,2023
20230219,2023-02-19,1,Sunday,19,50,8,February,Feb,2,1,2023
20230220,2023-02-20,2,Monday,20,51,8,February,Feb,2,1,2023
20230221,2023-02-21,3,Tuesday,21,52,8,February,Feb,2,1,2023
20230222,2023-02-22,4,Wednesday,22,53,8,February,Feb,2,1,2023
20230223,2023-02-23,5,Thursday,23,54,8,February,Feb,2,1,2023
20230224,2023-02-24,6,Friday,24,55,8,February,Feb,2,1,2023
20230225,2023-02-25,7,Saturday,25,56,8,February,Feb,2,1,2023
20230226,2023-02-26,1,Sunday,26,57,9,February,Feb,2,1,2023
20230227,2023-02-27,2,Monday,27,58,9,February,Feb,2,1,2023
20230228,2023-02-28,3,Tuesday,28,59,9,February,Feb,2,1,2023
20230301,2023-03-01,4,Wednesday,1,60,9,March,Mar,3,1,2023
20230302,2023-03-02,5,Thursday,2,61,9,March,Mar,3,1,2023
20230303,2023-03-03,6,Friday,3,62,9,March,Mar,3,1,2023
20230304,2023-03-04,7,Saturday,4,63,9,March,Mar,3,1,2023
20230305,2023-03-05,1,Sunday,5,64,10,March,Mar,3,1,2023
20230306,2023-03-06,2,Monday,6,65,10,March,Mar,3,1,2023
20230307,2023-03-07,3,Tuesday,7,66,10,March,Mar,3,1,2023
20230308,2023-03-08,4,Wednesday,8,67,10,March,Mar,3,1,2023
20230309,2023-03-09,5,Thursday,9,68,10,March,Mar,3,1,2023
20230310,2023-03-10,6,Friday,10,69,10,March,Mar,3,1,2023
20230311,2023-03-11,7,Saturday,11,70,10,March,Mar,3,1,2023
20230312,2023-03-12,1,Sunday,12,71,11,March,Mar,3,1,2023
20230313,2023-03-13,2,Monday,13,72,11,March,Mar,3,1,2023
20230314,2023-03-14,3,Tuesday,14,73,11,March,Mar,3,1,2023
20230315,2023-03-15,4,Wednesday,15,74,11,March,Mar,3,1,2023
20230316,2023-03-16,5,Thursday,16,75,11,March,Mar,3,1,2023
20230317,2023-03-17,6,Friday,17,76,11,March,Mar,3,1,2023
20230318,2023-03-18,7,Saturday,18,77,11,March,Mar,3,1,2023
20230319,2023-03-19,1,Sunday,19,78,12,March,Mar,3,1,2023
20230320,2023-03-20,2,Monday,20,79,12,March,Mar,3,1,2023
20230321,2023-03-21,3,Tuesday,21,80,12,March,Mar,3,1,2023
20230322,2023-03-22,4,Wednesday,22,81,12,March,Mar,3,1,2023
20230323,2023-03-23,5,Thursday,23,82,12,March,Mar,3,1,2023
20230324,2023-03-24,6,Friday,24,83,12,March,Mar,3,1,2023
20230325,2023-03-25,7,Saturday,25,84,12,March,Mar,3,1,2023
20230326,2023-03-26,1,Sunday,26,85,13,March,Mar,3,1,2023
20230327,2023-03-27,2,Monday,27,86,13,March,Mar,3,1,2023
20230328,2023-03-28,3,Tuesday,28,87,13,March,Mar,3,1,2023
20230329,2023-03-29,4,Wednesday,29,88,13,March,Mar,3,1,2023
20230330,2023-03-30,5,Thursday,30,89,13,March,Mar,3,1,2023
20230331,2023-03-31,6,Friday,31,90,13,March,Mar,3,1,2023
20230401,2023-04-01,7,Saturday,1,91,13,April,Apr,4,2,2023
20230402,2023-04-02,1,Sunday,2,92,14,April,Apr,4,2,2023
20230403,2023-04-03,2,Monday,3,93,14,April,Apr,4,2,2023
20230404,2023-04-04,3,Tuesday,4,94,14,April,Apr,4,2,2023
20230405,2023-04-05,4,Wednesday,5,95,14,April,Apr,4,2,2023
20230406,2023-04-06,5,Thursday,6,96,14,April,Apr,4,2,2023
20230407,2023-04-07,6,Friday,7,97,14,April,Apr,4,2,2023
20230408,2023-04-08,7,Saturday,8,98,14,April,Apr,4,2,2023
20230409,2023-04-09,1,Sunday,9,99,15,April,Apr,4,2,2023
20230410,2023-04-10,2,Monday,10,100,15,April,Apr,4,2,2023
20230411,2023-04-11,3,Tuesday,11,101,15,April,Apr,4,2,2023
20230412,2023-04-12,4,Wednesday,12,102,15,April,Apr,4,2,2023
20230413,2023-04-13,5,Thursday,13,103,15,April,Apr,4,2,2023
20230414,2023-04-14,6,Friday,14,104,15,April,Apr,4,2,2023
20230415,2023-04-15,7,Saturday,15,105,15,April,Apr,4,2,2023
20230416,2023-04-16,1,Sunday,16,106,16,April,Apr,4,2,2023
20230417,2023-04-17,2,Monday,17,107,16,April,Apr,4,2,2023
20230418,2023-04-18,3,Tuesday,18,108,16,April,Apr,4,2,2023
20230419,2023-04-19,4,Wednesday,19,109,16,April,Apr,4,2,2023
20230420,2023-04-20,5,Thursday,20,110,16,April,Apr,4,2,2023
20230421,2023-04-21,6,Friday,21,111,16,April,Apr,4,2,2023
20230422,2023-04-22,7,Saturday,22,112,16,April,Apr,4,2,2023
20230423,2023-04-23,1,Sunday,23,113,17,April,Apr,4,2,2023
20230424,2023-04-24,2,Monday,24,114,17,April,Apr,4,2,2023
20230425,2023-04-25,3,Tuesday,25,115,17,April,Apr,4,2,2023
20230426,2023-04-26,4,Wednesday,26,116,17,April,Apr,4,2,2023
20230427,2023-04-27,5,Thursday,27,117,17,April,Apr,4,2,2023
20230428,2023-04-28,6,Friday,28,118,17,April,Apr,4,2,2023
20230429,2023-04-29,7,Saturday,29,119,17,April,Apr,4,2,2023
20230430,2023-04-30,1,Sunday,30,120,18,April,Apr,4,2,2023
20230501,2023-05-01,2,Monday,1,121,18,May,May,5,2,2023
20230502,2023-05-02,3,Tuesday,2,122,18,May,May,5,2,2023
20230503,2023-05-03,4,Wednesday,3,123,18,May,May,5,2,2023
20230504,2023-05-04,5,Thursday,4,124,18,May,May,5,2,2023
20230505,2023-05-05,6,Friday,5,125,18,May,May,5,2,2023
20230506,2023-05-06,7,Saturday,6,126,18,May,May,5,2,2023
20230507,2023-05-07,1,Sunday,7,127,19,May,May,5,2,2023
20230508,2023-05-08,2,Monday,8,128,19,May,May,5,2,2023
20230509,2023-05-09,3,Tuesday,9,129,19,May,May,5,2,2023
20230510,2023-05-10,4,Wednesday,10,130,19,May,May,5,2,2023
20230511,2023-05-11,5,Thursday,11,131,19,May,May,5,2,2023
20230512,2023-05-12,6,Friday,12,132,19,May,May,5,2,2023
20230513,2023-05-13,7,Saturday,13,133,19,May,May,5,2,2023
20230514,2023-05-14,1,Sunday,14,134,20,May,May,5,2,2023
20230515,2023-05-15,2,Monday,15,135,20,May,May,5,2,2023
20230516,2023-05-16,3,Tuesday,16,136,20,May,May,5,2,2023
20230517,2023-05-17,4,Wednesday,17,137,20,May,May,5,2,2023
20230518,2023-05-18,5,Thursday,18,138,20,May,May,5,2,2023
20230519,2023-05-19,6,Friday,19,139,20,May,May,5,2,2023
20230520,2023-05-20,7,Saturday,20,140,20,May,May,5,2,2023
20230521,2023-05-21,1,Sunday,21,141,21,May,May,5,2,2023
20230522,2023-05-22,2,Monday,22,142,21,May,May,5,2,2023
20230523,2023-05-23,3,Tuesday,23,143,21,May,May,5,2,2023
20230524,2023-05-24,4,Wednesday,24,144,21,May,May,5,2,2023
20230525,2023-05-25,5,Thursday,25,145,21,May,May,5,2,2023
20230526,2023-05-26,6,Friday,26,146,21,May,May,5,2,2023
20230527,2023-05-27,7,Saturday,27,147,21,May,May,5,2,2023
20230528,2023-05-28,1,Sunday,28,148,22,May,May,5,2,2023
20230529,2023-05-29,2,Monday,29,149,22,May,May,5,2,2023
20230530,2023-05-30,3,Tuesday,30,150,22,May,May,5,2,2023
20230531,2023-05-31,4,Wednesday,31,151,22,May,May,5,2,2023
20230601,2023-06-01,5,Thursday,1,152,22,June,Jun,6,2,2023
20230602,2023-06-02,6,Friday,2,153,22,June,Jun,6,2,2023
20230603,2023-06-03,7,Saturday,3,154,22,June,Jun,6,2,2023
20230604,2023-06-04,1,Sunday,4,155,23,June,Jun,6,2,2023
20230605,2023-06-05,2,Monday,5,156,23,June,Jun,6,2,2023
20230606,2023-06-06,3,Tuesday,6,157,23,June,Jun,6,2,2023
20230607,2023-06-07,4,Wednesday,7,158,23,June,Jun,6,2,2023
20230608,2023-06-08,5,Thursday,8,159,23,June,Jun,6,2,2023
20230609,2023-06-09,6,Friday,9,160,23,June,Jun,6,2,2023
20230610,2023-06-10,7,Saturday,10,161,23,June,Jun,6,2,2023
20230611,2023-06-11,1,Sunday,11,162,24,June,Jun,6,2,2023
20230612,2023-06-12,2,Monday,12,163,24,June,Jun,6,2,2023
20230613,2023-06-13,3,Tuesday,13,164,24,June,Jun,6,2,2023
20230614,2023-06-14,4,Wednesday,14,165,24,June,Jun,6,2,2023
20230615,2023-06-15,5,Thursday,15,166,24,June,Jun,6,2,2023
20230616,2023-06-16,6,Friday,16,167,24,June,Jun,6,2,2023
20230617,2023-06-17,7,Saturday,17,168,24,June,Jun,6,2,2023
20230618,2023-06-18,1,Sunday,18,169,25,June,Jun,6,2,2023
20230619,2023-06-19,2,Monday,19,170,25,June,Jun,6,2,2023
20230620,2023-06-20,3,Tuesday,20,171,25,June,Jun,6,2,2023
20230621,2023-06-21,4,Wednesday,21,172,25,June,Jun,6,2,2023
20230622,2023-06-22,5,Thursday,22,173,25,June,Jun,6,2,2023
20230623,2023-06-23,6,Friday,23,174,25,June,Jun,6,2,2023
20230624,2023-06-24,7,Saturday,24,175,25,June,Jun,6,2,2023
20230625,2023-06-25,1,Sunday,25,176,26,June,Jun,6,2,2023
20230626,2023-06-26,2,Monday,26,177,26,June,Jun,6,2,2023
20230627,2023-06-27,3,Tuesday,27,178,26,June,Jun,6,2,2023
20230628,2023-06-28,4,Wednesday,28,179,26,June,Jun,6,2,2023
20230629,2023-06-29,5,Thursday,29,180,26,June,Jun,6,2,2023
20230630,2023-06-30,6,Friday,30,181,26,June,Jun,6,2,2023
20230701,2023-07-01,7,Saturday,1,182,26,July,Jul,7,3,2023
20230702,2023-07-02,1,Sunday,2,183,27,July,Jul,7,3,2023
20230703,2023-07-03,2,Monday,3,184,27,July,Jul,7,3,2023
20230704,2023-07-04,3,Tuesday,4,185,27,July,Jul,7,3,2023
20230705,2023-07-05,4,Wednesday,5,186,27,July,Jul,7,3,2023
20230706,2023-07-06,5,Thursday,6,187,27,July,Jul,7,3,2023
20230707,2023-07-07,6,Friday,7,188,27,July,Jul,7,3,2023
20230708,2023-07-08,7,Saturday,8,189,27,July,Jul,7,3,2023
20230709,2023-07-09,1,Sunday,9,190,28,July,Jul,7,3,2023
20230710,2023-07-10,2,Monday,10,191,28,July,Jul,7,3,2023
20230711,2023-07-11,3,Tuesday,11,192,28,July,Jul,7,3,2023
20230712,2023-07-12,4,Wednesday,12,193,28,July,Jul,7,3,2023
20230713,2023-07-13,5,Thursday,13,194,28,July,Jul,7,3,2023
20230714,2023-07-14,6,Friday,14,195,28,July,Jul,7,3,2023
20230715,2023-07-15,7,Saturday,15,196,28,July,Jul,7,3,2023
20230716,2023-07-16,1,Sunday,16,197,29,July,Jul,7,3,2023
20230717,2023-07-17,2,Monday,17,198,29,July,Jul,7,3,2023
20230718,2023-07-18,3,Tuesday,18,199,29,July,Jul,7,3,2023
20230719,2023-07-19,4,Wednesday,19,200,29,July,Jul,7,3,2023
20230720,2023-07-20,5,Thursday,20,201,29,July,Jul,7,3,2023
20230721,2023-07-21,6,Friday,21,202,29,July,Jul,7,3,2023
20230722,2023-07-22,7,Saturday,22,203,29,July,Jul,7,3,2023
20230723,2023-07-23,1,Sunday,23,204,30,July,Jul,7,3,2023
20230724,2023-07-24,2,Monday,24,205,30,July,Jul,7,3,2023
20230725,2023-07-25,3,Tuesday,25,206,30,July,Jul,7,3,2023
20230726,2023-07-26,4,Wednesday,26,207,30,July,Jul,7,3,2023
20230727,2023-07-27,5,Thursday,27,208,30,July,Jul,7,3,2023
20230728,2023-07-28,6,Friday,28,209,30,July,Jul,7,3,2023
20230729,2023-07-29,7,Saturday,29,210,30,July,Jul,7,3,2023
20230730,2023-07-30,1,Sunday,30,211,31,July,Jul,7,3,2023
20230731,2023-07-31,2,Monday,31,212,31,July,Jul,7,3,2023
20230801,2023-08-01,3,Tuesday,1,213,31,August,Aug,8,3,2023
20230802,2023-08-02,4,Wednesday,2,214,31,August,Aug,8,3,2023
20230803,2023-08-03,5,Thursday,3,215,31,August,Aug,8,3,2023
20230804,2023-08-04,6,Friday,4,216,31,August,Aug,8,3,2023
20230805,2023-08-05,7,Saturday,5,217,31,August,Aug,8,3,2023
20230806,2023-08-06,1,Sunday,6,218,32,August,Aug,8,3,2023
20230807,2023-08-07,2,Monday,7,219,32,August,Aug,8,3,2023
20230808,2023-08-08,3,Tuesday,8,220,32,August,Aug,8,3,2023
20230809,2023-08-09,4,Wednesday,9,221,32,August,Aug,8,3,2023
20230810,2023-08-10,5,Thursday,10,222,32,August,Aug,8,3,2023
20230811,2023-08-11,6,Friday,11,223,32,August,Aug,8,3,2023
20230812,2023-08-12,7,Saturday,12,224,32,August,Aug,8,3,2023
20230813,2023-08-13,1,Sunday,13,225,33,August,Aug,8,3,2023
20230814,2023-08-14,2,Monday,14,226,33,August,Aug,8,3,2023
20230815,2023-08-15,3,Tuesday,15,227,33,August,Aug,8,3,2023
20230816,2023-08-16,4,Wednesday,16,228,33,August,Aug,8,3,2023
20230817,2023-08-17,5,Thursday,17,229,33,August,Aug,8,3,2023
20230818,2023-08-18,6,Friday,18,230,33,August,Aug,8,3,2023
20230819,2023-08-19,7,Saturday,19,231,33,August,Aug,8,3,2023
20230820,2023-08-20,1,Sunday,20,232,34,August,Aug,8,3,2023
20230821,2023-08-21,2,Monday,21,233,34,August,Aug,8,3,2023
20230822,2023-08-22,3,Tuesday,22,234,34,August,Aug,8,3,2023
20230823,2023-08-23,4,Wednesday,23,235,34,August,Aug,8,3,2023
20230824,2023-08-24,5,Thursday,24,236,34,August,Aug,8,3,2023
20230825,2023-08-25,6,Friday,25,237,34,August,Aug,8,3,2023
20230826,2023-08-26,7,Saturday,26,238,34,August,Aug,8,3,2023
20230827,2023-08-27,1,Sunday,27,239,35,August,Aug,8,3,2023
20230828,2023-08-28,2,Monday,28,240,35,August,Aug,8,3,2023
20230829,2023-08-29,3,Tuesday,29,241,35,August,Aug,8,3,2023
20230830,2023-08-30,4,Wednesday,30,242,35,August,Aug,8,3,2023
20230831,2023-08-31,5,Thursday,31,243,35,August,Aug,8,3,2023
20230901,2023-09-01,6,Friday,1,244,35,September,Sep,9,3,2023
20230902,2023-09-02,7,Saturday,2,245,35,September,Sep,9,3,2023
20230903,2023-09-03,1,Sunday,3,246,36,September,Sep,9,3,2023
20230904,2023-09-04,2,Monday,4,247,36,September,Sep,9,3,2023
20230905,2023-09-05,3,Tuesday,5,248,36,September,Sep,9,3,2023
20230906,2023-09-06,4,Wednesday,6,249,36,September,Sep,9,3,2023
20230907,2023-09-07,5,Thursday,7,250,36,September,Sep,9,3,2023
20230908,2023-09-08,6,Friday,8,251,36,September,Sep,9,3,2023
20230909,2023-09-09,7,Saturday,9,252,36,September,Sep,9,3,2023
20230910,2023-09-10,1,Sunday,10,253,37,September,Sep,9,3,2023
20230911,2023-09-11,2,Monday,11,254,37,September,Sep,9,3,2023
20230912,2023-09-12,3,Tuesday,12,255,37,September,Sep,9,3,2023
20230913,2023-09-13,4,Wednesday,13,256,37,September,Sep,9,3,2023
20230914,2023-09-14,5,Thursday,14,257,37,September,Sep,9,3,2023
20230915,2023-09-15,6,Friday,15,258,37,September,Sep,9,3,2023
20230916,2023-09-16,7,Saturday,16,259,37,September,Sep,9,3,2023
20230917,2023-09-17,1,Sunday,17,260,38,September,Sep,9,3,2023
20230918,2023-09-18,2,Monday,18,261,38,September,Sep,9,3,2023
20230919,2023-09-19,3,Tuesday,19,262,38,September,Sep,9,3,2023
20230920,2023-09-20,4,Wednesday,20,263,38,September,Sep,9,3,2023
20230921,2023-09-21,5,Thursday,21,264,38,September,Sep,9,3,2023
20230922,2023-09-22,6,Friday,22,265,38,September,Sep,9,3,2023
20230923,2023-09-23,7,Saturday,23,266,38,September,Sep,9,3,2023
20230924,2023-09-24,1,Sunday,24,267,39,September,Sep,9,3,2023
20230925,2023-09-25,2,Monday,25,268,39,September,Sep,9,3,2023
20230926,2023-09-26,3,Tuesday,26,269,39,September,Sep,9,3,2023
20230927,2023-09-27,4,Wednesday,27,270,39,September,Sep,9,3,2023
20230928,2023-09-28,5,Thursday,28,271,39,September,Sep,9,3,2023
20230929,2023-09-29,6,Friday,29,272,39,September,Sep,9,3,2023
20230930,2023-09-30,7,Saturday,30,273,39,September,Sep,9,3,2023
20231001,2023-10-01,1,Sunday,1,274,40,October,Oct,10,4,2023
20231002,2023-10-02,2,Monday,2,275,40,October,Oct,10,4,2023
20231003,2023-10-03,3,Tuesday,3,276,40,October,Oct,10,4,2023
20231004,2023-10-04,4,Wednesday,4,277,40,October,Oct,10,4,2023
20231005,2023-10-05,5,Thursday,5,278,40,October,Oct,10,4,2023
20231006,2023-10-06,6,Friday,6,279,40,October,Oct,10,4,2023
20231007,2023-10-07,7,Saturday,7,280,40,October,Oct,10,4,2023
20231008,2023-10-08,1,Sunday,8,281,41,October,Oct,10,4,2023
20231009,2023-10-09,2,Monday,9,282,41,October,Oct,10,4,2023
20231010,2023-10-10,3,Tuesday,10,283,41,October,Oct,10,4,2023
20231011,2023-10-11,4,Wednesday,11,284,41,October,Oct,10,4,2023
20231012,2023-10-12,5,Thursday,12,285,41,October,Oct,10,4,2023
20231013,2023-10-13,6,Friday,13,286,41,October,Oct,10,4,2023
20231014,2023-10-14,7,Saturday,14,287,41,October,Oct,10,4,2023
20231015,2023-10-15,1,Sunday,15,288,42,October,Oct,10,4,2023
20231016,2023-10-16,2,Monday,16,289,42,October,Oct,10,4,2023
20231017,2023-10-17,3,Tuesday,17,290,42,October,Oct,10,4,2023
20231018,2023-10-18,4,Wednesday,18,291,42,October,Oct,10,4,2023
20231019,2023-10-19,5,Thursday,19,292,42,October,Oct,10,4,2023
20231020,2023-10-20,6,Friday,20,293,42,October,Oct,10,4,2023
20231021,2023-10-21,7,Saturday,21,294,42,October,Oct,10,4,2023
20231022,2023-10-22,1,Sunday,22,295,43,October,Oct,10,4,2023
20231023,2023-10-23,2,Monday,23,296,43,October,Oct,10,4,2023
20231024,2023-10-24,3,Tuesday,24,297,43,October,Oct,10,4,2023
20231025,2023-10-25,4,Wednesday,25,298,43,October,Oct,10,4,2023
20231026,2023-10-26,5,Thursday,26,299,43,October,Oct,10,4,2023
20231027,2023-10-27,6,Friday,27,300,43,October,Oct,10,4,2023
20231028,2023-10-28,7,Saturday,28,301,43,October,Oct,10,4,2023
20231029,2023-10-29,1,Sunday,29,302,44,October,Oct,10,4,2023
20231030,2023-10-30,2,Monday,30,303,44,October,Oct,10,4,2023
20231031,2023-10-31,3,Tuesday,31,304,44,October,Oct,10,4,2023
20231101,2023-11-01,4,Wednesday,1,305,44,November,Nov,11,4,2023
20231102,2023-11-02,5,Thursday,2,306,44,November,Nov,11,4,2023
20231103,2023-11-03,6,Friday,3,307,44,November,Nov,11,4,2023
20231104,2023-11-04,7,Saturday,4,308,44,November,Nov,11,4,2023
20231105,2023-11-05,1,Sunday,5,309,45,November,Nov,11,4,2023
20231106,2023-11-06,2,Monday,6,310,45,November,Nov,11,4,2023
20231107,2023-11-07,3,Tuesday,7,311,45,November,Nov,11,4,2023
20231108,2023-11-08,4,Wednesday,8,312,45,November,Nov,11,4,2023
20231109,2023-11-09,5,Thursday,9,313,45,November,Nov,11,4,2023
20231110,2023-11-10,6,Friday,10,314,45,November,Nov,11,4,2023
20231111,2023-11-11,7,Saturday,11,315,45,November,Nov,11,4,2023
20231112,2023-11-12,1,Sunday,12,316,46,November,Nov,11,4,2023
20231113,2023-11-13,2,Monday,13,317,46,November,Nov,11,4,2023
20231114,2023-11-14,3,Tuesday,14,318,46,November,Nov,11,4,2023
20231115,2023-11-15,4,Wednesday,15,319,46,November,Nov,11,4,2023
20231116,2023-11-16,5,Thursday,16,320,46,November,Nov,11,4,2023
20231117,2023-11-17,6,Friday,17,321,46,November,Nov,11,4,2023
20231118,2023-11-18,7,Saturday,18,322,46,November,Nov,11,4,2023
20231119,2023-11-19,1,Sunday,19,323,47,November,Nov,11,4,2023
20231120,2023-11-20,2,Monday,20,324,47,November,Nov,11,4,2023
20231121,2023-11-21,3,Tuesday,21,325,47,November,Nov,11,4,2023
20231122,2023-11-22,4,Wednesday,22,326,47,November,Nov,11,4,2023
20231123,2023-11-23,5,Thursday,23,327,47,November,Nov,11,4,2023
20231124,2023-11-24,6,Friday,24,328,47,November,Nov,11,4,2023
20231125,2023-11-25,7,Saturday,25,329,47,November,Nov,11,4,2023
20231126,2023-11-26,1,Sunday,26,330,48,November,Nov,11,4,2023
20231127,2023-11-27,2,Monday,27,331,48,November,Nov,11,4,2023
20231128,2023-11-28,3,Tuesday,28,332,48,November,Nov,11,4,2023
20231129,2023-11-29,4,Wednesday,29,333,48,November,Nov,11,4,2023
20231130,2023-11-30,5,Thursday,30,334,48,November,Nov,11,4,2023
20231201,2023-12-01,6,Friday,1,335,48,December,Dec,12,4,2023
20231202,2023-12-02,7,Saturday,2,336,48,December,Dec,12,4,2023
20231203,2023-12-03,1,Sunday,3,337,49,December,Dec,12,4,2023
20231204,2023-12-04,2,Monday,4,338,49,December,Dec,12,4,2023
20231205,2023-12-05,3,Tuesday,5,339,49,December,Dec,12,4,2023
20231206,2023-12-06,4,Wednesday,6,340,49,December,Dec,12,4,2023
20231207,2023-12-07,5,Thursday,7,341,49,December,Dec,12,4,2023
20231208,2023-12-08,6,Friday,8,342,49,December,Dec,12,4,2023
20231209,2023-12-09,7,Saturday,9,343,49,December,Dec,12,4,2023
20231210,2023-12-10,1,Sunday,10,344,50,December,Dec,12,4,2023
20231211,2023-12-11,2,Monday,11,345,50,December,Dec,12,4,2023
20231212,2023-12-12,3,Tuesday,12,346,50,December,Dec,12,4,2023
20231213,2023-12-13,4,Wednesday,13,347,50,December,Dec,12,4,2023
20231214,2023-12-14,5,Thursday,14,348,50,December,Dec,12,4,2023
20231215,2023-12-15,6,Friday,15,349,50,December,Dec,12,4,2023
20231216,2023-12-16,7,Saturday,16,350,50,December,Dec,12,4,2023
20231217,2023-12-17,1,Sunday,17,351,51,December,Dec,12,4,2023
20231218,2023-12-18,2,Monday,18,352,51,December,Dec,12,4,2023
20231219,2023-12-19,3,Tuesday,19,353,51,December,Dec,12,4,2023
20231220,2023-12-20,4,Wednesday,20,354,51,December,Dec,12,4,2023
20231221,2023-12-21,5,Thursday,21,355,51,December,Dec,12,4,2023
20231222,2023-12-22,6,Friday,22,356,51,December,Dec,12,4,2023
20231223,2023-12-23,7,Saturday,23,357,51,December,Dec,12,4,2023
20231224,2023-12-24,1,Sunday,24,358,52,December,Dec,12,4,2023
20231225,2023-12-25,2,Monday,25,359,52,December,Dec,12,4,2023
20231226,2023-12-26,3,Tuesday,26,360,52,December,Dec,12,4,2023
20231227,2023-12-27,4,Wednesday,27,361,52,December,Dec,12,4,2023
20231228,2023-12-28,5,Thursday,28,362,52,December,Dec,12,4,2023
20231229,2023-12-29,6,Friday,29,363,52,December,Dec,12,4,2023
20231230,2023-12-30,7,Saturday,30,364,52,December,Dec,12,4,2023
20231231,2023-12-31,1,Sunday,31,365,53,December,Dec,12,4,2023
20240101,2024-01-01,2,Monday,1,1,1,January,Jan,1,1,2024
20240102,2024-01-02,3,Tuesday,2,2,1,January,Jan,1,1,2024
20240103,2024-01-03,4,Wednesday,3,3,1,January,Jan,1,1,2024
20240104,2024-01-04,5,Thursday,4,4,1,January,Jan,1,1,2024
20240105,2024-01-05,6,Friday,5,5,1,January,Jan,1,1,2024
20240106,2024-01-06,7,Saturday,6,6,1,January,Jan,1,1,2024
20240107,2024-01-07,1,Sunday,7,7,2,January,Jan,1,1,2024
20240108,2024-01-08,2,Monday,8,8,2,January,Jan,1,1,2024
20240109,2024-01-09,3,Tuesday,9,9,2,January,Jan,1,1,2024
20240110,2024-01-10,4,Wednesday,10,10,2,January,Jan,1,1,2024
20240111,2024-01-11,5,Thursday,11,11,2,January,Jan,1,1,2024
20240112,2024-01-12,6,Friday,12,12,2,January,Jan,1,1,2024
20240113,2024-01-13,7,Saturday,13,13,2,January,Jan,1,1,2024
20240114,2024-01-14,1,Sunday,14,14,3,January,Jan,1,1,2024
20240115,2024-01-15,2,Monday,15,15,3,January,Jan,1,1,2024
20240116,2024-01-16,3,Tuesday,16,16,3,January,Jan,1,1,2024
20240117,2024-01-17,4,Wednesday,17,17,3,January,Jan,1,1,2024
20240118,2024-01-18,5,Thursday,18,18,3,January,Jan,1,1,2024
20240119,2024-01-19,6,Friday,19,19,3,January,Jan,1,1,2024
20240120,2024-01-20,7,Saturday,20,20,3,January,Jan,1,1,2024
20240121,2024-01-21,1,Sunday,21,21,4,January,Jan,1,1,2024
20240122,2024-01-22,2,Monday,22,22,4,January,Jan,1,1,2024
20240123,2024-01-23,3,Tuesday,23,23,4,January,Jan,1,1,2024
20240124,2024-01-24,4,Wednesday,24,24,4,January,Jan,1,1,2024
20240125,2024-01-25,5,Thursday,25,25,4,January,Jan,1,1,2024
20240126,2024-01-26,6,Friday,26,26,4,January,Jan,1,1,2024
20240127,2024-01-27,7,Saturday,27,27,4,January,Jan,1,1,2024
20240128,2024-01-28,1,Sunday,28,28,5,January,Jan,1,1,2024
20240129,2024-01-29,2,Monday,29,29,5,January,Jan,1,1,2024
20240130,2024-01-30,3,Tuesday,30,30,5,January,Jan,1,1,2024
20240131,2024-01-31,4,Wednesday,31,31,5,January,Jan,1,1,2024
20240201,2024-02-01,5,Thursday,1,32,5,February,Feb,2,1,2024
20240202,2024-02-02,6,Friday,2,33,5,February,Feb,2,1,2024
20240203,2024-02-03,7,Saturday,3,34,5,February,Feb,2,1,2024
20240204,2024-02-04,1,Sunday,4,35,6,February,Feb,2,1,2024
20240205,2024-02-05,2,Monday,5,36,6,February,Feb,2,1,2024
20240206,2024-02-06,3,Tuesday,6,37,6,February,Feb,2,1,2024
20240207,2024-02-07,4,Wednesday,7,38,6,February,Feb,2,1,2024
20240208,2024-02-08,5,Thursday,8,39,6,February,Feb,2,1,2024
20240209,2024-02-09,6,Friday,9,40,6,February,Feb,2,1,2024
20240210,2024-02-10,7,Saturday,10,41,6,February,Feb,2,1,2024
20240211,2024-02-11,1,Sunday,11,42,7,February,Feb,2,1,2024
20240212,2024-02-12,2,Monday,12,43,7,February,Feb,2,1,2024
20240213,2024-02-13,3,Tuesday,13,44,7,February,Feb,2,1,2024
20240214,2024-02-14,4,Wednesday,14,45,7,February,Feb,2,1,2024
20240215,2024-02-15,5,Thursday,15,46,7,February,Feb,2,1,2024
20240216,2024-02-16,6,Friday,16,47,7,February,Feb,2,1,2024
20240217,2024-02-17,7,Saturday,17,48,7,February,Feb,2,1,2024
20240218,2024-02-18,1,Sunday,18,49,8,February,Feb,2,1,2024
20240219,2024-02-19,2,Monday,19,50,8,February,Feb,2,1,2024
20240220,2024-02-20,3,Tuesday,20,51,8,February,Feb,2,1,2024
20240221,2024-02-21,4,Wednesday,21,52,8,February,Feb,2,1,2024
20240222,2024-02-22,5,Thursday,22,53,8,February,Feb,2,1,2024
20240223,2024-02-23,6,Friday,23,54,8,February,Feb,2,1,2024
20240224,2024-02-24,7,Saturday,24,55,8,February,Feb,2,1,2024
20240225,2024-02-25,1,Sunday,25,56,9,February,Feb,2,1,2024
20240226,2024-02-26,2,Monday,26,57,9,February,Feb,2,1,2024
20240227,2024-02-27,3,Tuesday,27,58,9,February,Feb,2,1,2024
20240228,2024-02-28,4,Wednesday,28,59,9,February,Feb,2,1,2024
20240229,2024-02-29,5,Thursday,29,60,9,February,Feb,2,1,2024
20240301,2024-03-01,6,Friday,1,61,9,March,Mar,3,1,2024
20240302,2024-03-02,7,Saturday,2,62,9,March,Mar,3,1,2024
20240303,2024-03-03,1,Sunday,3,63,10,March,Mar,3,1,2024
20240304,2024-03-04,2,Monday,4,64,10,March,Mar,3,1,2024
20240305,2024-03-05,3,Tuesday,5,65,10,March,Mar,3,1,2024
20240306,2024-03-06,4,Wednesday,6,66,10,March,Mar,3,1,2024
20240307,2024-03-07,5,Thursday,7,67,10,March,Mar,3,1,2024
20240308,2024-03-08,6,Friday,8,68,10,March,Mar,3,1,2024
20240309,2024-03-09,7,Saturday,9,69,10,March,Mar,3,1,2024
20240310,2024-03-10,1,Sunday,10,70,11,March,Mar,3,1,2024
20240311,2024-03-11,2,Monday,11,71,11,March,Mar,3,1,2024
20240312,2024-03-12,3,Tuesday,12,72,11,March,Mar,3,1,2024
20240313,2024-03-13,4,Wednesday,13,73,11,March,Mar,3,1,2024
20240314,2024-03-14,5,Thursday,14,74,11,March,Mar,3,1,2024
20240315,2024-03-15,6,Friday,15,75,11,March,Mar,3,1,2024
20240316,2024-03-16,7,Saturday,16,76,11,March,Mar,3,1,2024
20240317,2024-03-17,1,Sunday,17,77,12,March,Mar,3,1,2024
20240318,2024-03-18,2,Monday,18,78,12,March,Mar,3,1,2024
20240319,2024-03-19,3,Tuesday,19,79,12,March,Mar,3,1,2024
20240320,2024-03-20,4,Wednesday,20,80,12,March,Mar,3,1,2024
20240321,2024-03-21,5,Thursday,21,81,12,March,Mar,3,1,2024
20240322,2024-03-22,6,Friday,22,82,12,March,Mar,3,1,2024
20240323,2024-03-23,7,Saturday,23,83,12,March,Mar,3,1,2024
20240324,2024-03-24,1,Sunday,24,84,13,March,Mar,3,1,2024
20240325,2024-03-25,2,Monday,25,85,13,March,Mar,3,1,2024
20240326,2024-03-26,3,Tuesday,26,86,13,March,Mar,3,1,2024
20240327,2024-03-27,4,Wednesday,27,87,13,March,Mar,3,1,2024
20240328,2024-03-28,5,Thursday,28,88,13,March,Mar,3,1,2024
20240329,2024-03-29,6,Friday,29,89,13,March,Mar,3,1,2024
20240330,2024-03-30,7,Saturday,30,90,13,March,Mar,3,1,2024
20240331,2024-03-31,1,Sunday,31,91,14,March,Mar,3,1,2024
20240401,2024-04-01,2,Monday,1,92,14,April,Apr,4,2,2024
20240402,2024-04-02,3,Tuesday,2,93,14,April,Apr,4,2,2024
20240403,2024-04-03,4,Wednesday,3,94,14,April,Apr,4,2,2024
20240404,2024-04-04,5,Thursday,4,95,14,April,Apr,4,2,2024
20240405,2024-04-05,6,Friday,5,96,14,April,Apr,4,2,2024
20240406,2024-04-06,7,Saturday,6,97,14,April,Apr,4,2,2024
20240407,2024-04-07,1,Sunday,7,98,15,April,Apr,4,2,2024
20240408,2024-04-08,2,Monday,8,99,15,April,Apr,4,2,2024
20240409,2024-04-09,3,Tuesday,9,100,15,April,Apr,4,2,2024
20240410,2024-04-10,4,Wednesday,10,101,15,April,Apr,4,2,2024
20240411,2024-04-11,5,Thursday,11,102,15,April,Apr,4,2,2024
20240412,2024-04-12,6,Friday,12,103,15,April,Apr,4,2,2024
20240413,2024-04-13,7,Saturday,13,104,15,April,Apr,4,2,2024
20240414,2024-04-14,1,Sunday,14,105,16,April,Apr,4,2,2024
20240415,2024-04-15,2,Monday,15,106,16,April,Apr,4,2,2024
20240416,2024-04-16,3,Tuesday,16,107,16,April,Apr,4,2,2024
20240417,2024-04-17,4,Wednesday,17,108,16,April,Apr,4,2,2024
20240418,2024-04-18,5,Thursday,18,109,16,April,Apr,4,2,2024
20240419,2024-04-19,6,Friday,19,110,16,April,Apr,4,2,2024
20240420,2024-04-20,7,Saturday,20,111,16,April,Apr,4,2,2024
20240421,2024-04-21,1,Sunday,21,112,17,April,Apr,4,2,2024
20240422,2024-04-22,2,Monday,22,113,17,April,Apr,4,2,2024
20240423,2024-04-23,3,Tuesday,23,114,17,April,Apr,4,2,2024
20240424,2024-04-24,4,Wednesday,24,115,17,April,Apr,4,2,2024
20240425,2024-04-25,5,Thursday,25,116,17,April,Apr,4,2,2024
20240426,2024-04-26,6,Friday,26,117,17,April,Apr,4,2,2024
20240427,2024-04-27,7,Saturday,27,118,17,April,Apr,4,2,2024
20240428,2024-04-28,1,Sunday,28,119,18,April,Apr,4,2,2024
20240429,2024-04-29,2,Monday,29,120,18,April,Apr,4,2,2024
20240430,2024-04-30,3,Tuesday,30,121,18,April,Apr,4,2,2024
20240501,2024-05-01,4,Wednesday,1,122,18,May,May,5,2,2024
20240502,2024-05-02,5,Thursday,2,123,18,May,May,5,2,2024
20240503,2024-05-03,6,Friday,3,124,18,May,May,5,2,2024
20240504,2024-05-04,7,Saturday,4,125,18,May,May,5,2,2024
20240505,2024-05-05,1,Sunday,5,126,19,May,May,5,2,2024
20240506,2024-05-06,2,Monday,6,127,19,May,May,5,2,2024
20240507,2024-05-07,3,Tuesday,7,128,19,May,May,5,2,2024
20240508,2024-05-08,4,Wednesday,8,129,19,May,May,5,2,2024
20240509,2024-05-09,5,Thursday,9,130,19,May,May,5,2,2024
20240510,2024-05-10,6,Friday,10,131,19,May,May,5,2,2024
20240511,2024-05-11,7,Saturday,11,132,19,May,May,5,2,2024
20240512,2024-05-12,1,Sunday,12,133,20,May,May,5,2,2024
20240513,2024-05-13,2,Monday,13,134,20,May,May,5,2,2024
20240514,2024-05-14,3,Tuesday,14,135,20,May,May,5,2,2024
20240515,2024-05-15,4,Wednesday,15,136,20,May,May,5,2,2024
20240516,2024-05-16,5,Thursday,16,137,20,May,May,5,2,2024
20240517,2024-05-17,6,Friday,17,138,20,May,May,5,2,2024
20240518,2024-05-18,7,Saturday,18,139,20,May,May,5,2,2024
20240519,2024-05-19,1,Sunday,19,140,21,May,May,5,2,2024
20240520,2024-05-20,2,Monday,20,141,21,May,May,5,2,2024
20240521,2024-05-21,3,Tuesday,21,142,21,May,May,5,2,2024
20240522,2024-05-22,4,Wednesday,22,143,21,May,May,5,2,2024
20240523,2024-05-23,5,Thursday,23,144,21,May,May,5,2,2024
20240524,2024-05-24,6,Friday,24,145,21,May,May,5,2,2024
20240525,2024-05-25,7,Saturday,25,146,21,May,May,5,2,2024
20240526,2024-05-26,1,Sunday,26,147,22,May,May,5,2,2024
20240527,2024-05-27,2,Monday,27,148,22,May,May,5,2,2024
20240528,2024-05-28,3,Tuesday,28,149,22,May,May,5,2,2024
20240529,2024-05-29,4,Wednesday,29,150,22,May,May,5,2,2024
20240530,2024-05-30,5,Thursday,30,151,22,May,May,5,2,2024
20240531,2024-05-31,6,Friday,31,152,22,May,May,5,2,2024
20240601,2024-06-01,7,Saturday,1,153,22,June,Jun,6,2,2024
20240602,2024-06-02,1,Sunday,2,154,23,June,Jun,6,2,2024
20240603,2024-06-03,2,Monday,3,155,23,June,Jun,6,2,2024
20240604,2024-06-04,3,Tuesday,4,156,23,June,Jun,6,2,2024
20240605,2024-06-05,4,Wednesday,5,157,23,June,Jun,6,2,2024
20240606,2024-06-06,5,Thursday,6,158,23,June,Jun,6,2,2024
20240607,2024-06-07,6,Friday,7,159,23,June,Jun,6,2,2024
20240608,2024-06-08,7,Saturday,8,160,23,June,Jun,6,2,2024
20240609,2024-06-09,1,Sunday,9,161,24,June,Jun,6,2,2024
20240610,2024-06-10,2,Monday,10,162,24,June,Jun,6,2,2024
20240611,2024-06-11,3,Tuesday,11,163,24,June,Jun,6,2,2024
20240612,2024-06-12,4,Wednesday,12,164,24,June,Jun,6,2,2024
20240613,2024-06-13,5,Thursday,13,165,24,June,Jun,6,2,2024
20240614,2024-06-14,6,Friday,14,166,24,June,Jun,6,2,2024
20240615,2024-06-15,7,Saturday,15,167,24,June,Jun,6,2,2024
20240616,2024-06-16,1,Sunday,16,168,25,June,Jun,6,2,2024
20240617,2024-06-17,2,Monday,17,169,25,June,Jun,6,2,2024
20240618,2024-06-18,3,Tuesday,18,170,25,June,Jun,6,2,2024
20240619,2024-06-19,4,Wednesday,19,171,25,June,Jun,6,2,2024
20240620,2024-06-20,5,Thursday,20,172,25,June,Jun,6,2,2024
20240621,2024-06-21,6,Friday,21,173,25,June,Jun,6,2,2024
20240622,2024-06-22,7,Saturday,22,174,25,June,Jun,6,2,2024
20240623,2024-06-23,1,Sunday,23,175,26,June,Jun,6,2,2024
20240624,2024-06-24,2,Monday,24,176,26,June,Jun,6,2,2024
20240625,2024-06-25,3,Tuesday,25,177,26,June,Jun,6,2,2024
20240626,2024-06-26,4,Wednesday,26,178,26,June,Jun,6,2,2024
20240627,2024-06-27,5,Thursday,27,179,26,June,Jun,6,2,2024
20240628,2024-06-28,6,Friday,28,180,26,June,Jun,6,2,2024
20240629,2024-06-29,7,Saturday,29,181,26,June,Jun,6,2,2024
20240630,2024-06-30,1,Sunday,30,182,27,June,Jun,6,2,2024
20240701,2024-07-01,2,Monday,1,183,27,July,Jul,7,3,2024
20240702,2024-07-02,3,Tuesday,2,184,27,July,Jul,7,3,2024
20240703,2024-07-03,4,Wednesday,3,185,27,July,Jul,7,3,2024
20240704,2024-07-04,5,Thursday,4,186,27,July,Jul,7,3,2024
20240705,2024-07-05,6,Friday,5,187,27,July,Jul,7,3,2024
20240706,2024-07-06,7,Saturday,6,188,27,July,Jul,7,3,2024
20240707,2024-07-07,1,Sunday,7,189,28,July,Jul,7,3,2024
20240708,2024-07-08,2,Monday,8,190,28,July,Jul,7,3,2024
20240709,2024-07-09,3,Tuesday,9,191,28,July,Jul,7,3,2024
20240710,2024-07-10,4,Wednesday,10,192,28,July,Jul,7,3,2024
20240711,2024-07-11,5,Thursday,11,193,28,July,Jul,7,3,2024
20240712,2024-07-12,6,Friday,12,194,28,July,Jul,7,3,2024
20240713,2024-07-13,7,Saturday,13,195,28,July,Jul,7,3,2024
20240714,2024-07-14,1,Sunday,14,196,29,July,Jul,7,3,2024
20240715,2024-07-15,2,Monday,15,197,29,July,Jul,7,3,2024
20240716,2024-07-16,3,Tuesday,16,198,29,July,Jul,7,3,2024
20240717,2024-07-17,4,Wednesday,17,199,29,July,Jul,7,3,2024
20240718,2024-07-18,5,Thursday,18,200,29,July,Jul,7,3,2024
20240719,2024-07-19,6,Friday,19,201,29,July,Jul,7,3,2024
20240720,2024-07-20,7,Saturday,20,202,29,July,Jul,7,3,2024
20240721,2024-07-21,1,Sunday,21,203,30,July,Jul,7,3,2024
20240722,2024-07-22,2,Monday,22,204,30,July,Jul,7,3,2024
20240723,2024-07-23,3,Tuesday,23,205,30,July,Jul,7,3,2024
20240724,2024-07-24,4,Wednesday,24,206,30,July,Jul,7,3,2024
20240725,2024-07-25,5,Thursday,25,207,30,July,Jul,7,3,2024
20240726,2024-07-26,6,Friday,26,208,30,July,Jul,7,3,2024
20240727,2024-07-27,7,Saturday,27,209,30,July,Jul,7,3,2024
20240728,2024-07-28,1,Sunday,28,210,31,July,Jul,7,3,2024
20240729,2024-07-29,2,Monday,29,211,31,July,Jul,7,3,2024
20240730,2024-07-30,3,Tuesday,30,212,31,July,Jul,7,3,2024
20240731,2024-07-31,4,Wednesday,31,213,31,July,Jul,7,3,2024
20240801,2024-08-01,5,Thursday,1,214,31,August,Aug,8,3,2024
20240802,2024-08-02,6,Friday,2,215,31,August,Aug,8,3,2024
20240803,2024-08-03,7,Saturday,3,216,31,August,Aug,8,3,2024
20240804,2024-08-04,1,Sunday,4,217,32,August,Aug,8,3,2024
20240805,2024-08-05,2,Monday,5,218,32,August,Aug,8,3,2024
20240806,2024-08-06,3,Tuesday,6,219,32,August,Aug,8,3,2024
20240807,2024-08-07,4,Wednesday,7,220,32,August,Aug,8,3,2024
20240808,2024-08-08,5,Thursday,8,221,32,August,Aug,8,3,2024
20240809,2024-08-09,6,Friday,9,222,32,August,Aug,8,3,2024
20240810,2024-08-10,7,Saturday,10,223,32,August,Aug,8,3,2024
20240811,2024-08-11,1,Sunday,11,224,33,August,Aug,8,3,2024
20240812,2024-08-12,2,Monday,12,225,33,August,Aug,8,3,2024
20240813,2024-08-13,3,Tuesday,13,226,33,August,Aug,8,3,2024
20240814,2024-08-14,4,Wednesday,14,227,33,August,Aug,8,3,2024
20240815,2024-08-15,5,Thursday,15,228,33,August,Aug,8,3,2024
20240816,2024-08-16,6,Friday,16,229,33,August,Aug,8,3,2024
20240817,2024-08-17,7,Saturday,17,230,33,August,Aug,8,3,2024
20240818,2024-08-18,1,Sunday,18,231,34,August,Aug,8,3,2024
20240819,2024-08-19,2,Monday,19,232,34,August,Aug,8,3,2024
20240820,2024-08-20,3,Tuesday,20,233,34,August,Aug,8,3,2024
20240821,2024-08-21,4,Wednesday,21,234,34,August,Aug,8,3,2024
20240822,2024-08-22,5,Thursday,22,235,34,August,Aug,8,3,2024
20240823,2024-08-23,6,Friday,23,236,34,August,Aug,8,3,2024
20240824,2024-08-24,7,Saturday,24,237,34,August,Aug,8,3,2024
20240825,2024-08-25,1,Sunday,25,238,35,August,Aug,8,3,2024
20240826,2024-08-26,2,Monday,26,239,35,August,Aug,8,3,2024
20240827,2024-08-27,3,Tuesday,27,240,35,August,Aug,8,3,2024
20240828,2024-08-28,4,Wednesday,28,241,35,August,Aug,8,3,2024
20240829,2024-08-29,5,Thursday,29,242,35,August,Aug,8,3,2024
20240830,2024-08-30,6,Friday,30,243,35,August,Aug,8,3,2024
20240831,2024-08-31,7,Saturday,31,244,35,August,Aug,8,3,2024
20240901,2024-09-01,1,Sunday,1,245,36,September,Sep,9,3,2024
20240902,2024-09-02,2,Monday,2,246,36,September,Sep,9,3,2024
20240903,2024-09-03,3,Tuesday,3,247,36,September,Sep,9,3,2024
20240904,2024-09-04,4,Wednesday,4,248,36,September,Sep,9,3,2024
20240905,2024-09-05,5,Thursday,5,249,36,September,Sep,9,3,2024
20240906,2024-09-06,6,Friday,6,250,36,September,Sep,9,3,2024
20240907,2024-09-07,7,Saturday,7,251,36,September,Sep,9,3,2024
20240908,2024-09-08,1,Sunday,8,252,37,September,Sep,9,3,2024
20240909,2024-09-09,2,Monday,9,253,37,September,Sep,9,3,2024
20240910,2024-09-10,3,Tuesday,10,254,37,September,Sep,9,3,2024
20240911,2024-09-11,4,Wednesday,11,255,37,September,Sep,9,3,2024
20240912,2024-09-12,5,Thursday,12,256,37,September,Sep,9,3,2024
20240913,2024-09-13,6,Friday,13,257,37,September,Sep,9,3,2024
20240914,2024-09-14,7,Saturday,14,258,37,September,Sep,9,3,2024
20240915,2024-09-15,1,Sunday,15,259,38,September,Sep,9,3,2024
20240916,2024-09-16,2,Monday,16,260,38,September,Sep,9,3,2024
20240917,2024-09-17,3,Tuesday,17,261,38,September,Sep,9,3,2024
20240918,2024-09-18,4,Wednesday,18,262,38,September,Sep,9,3,2024
20240919,2024-09-19,5,Thursday,19,263,38,September,Sep,9,3,2024
20240920,2024-09-20,6,Friday,20,264,38,September,Sep,9,3,2024
20240921,2024-09-21,7,Saturday,21,265,38,September,Sep,9,3,2024
20240922,2024-09-22,1,Sunday,22,266,39,September,Sep,9,3,2024
20240923,2024-09-23,2,Monday,23,267,39,September,Sep,9,3,2024
20240924,2024-09-24,3,Tuesday,24,268,39,September,Sep,9,3,2024
20240925,2024-09-25,4,Wednesday,25,269,39,September,Sep,9,3,2024
20240926,2024-09-26,5,Thursday,26,270,39,September,Sep,9,3,2024
20240927,2024-09-27,6,Friday,27,271,39,September,Sep,9,3,2024
20240928,2024-09-28,7,Saturday,28,272,39,September,Sep,9,3,2024
20240929,2024-09-29,1,Sunday,29,273,40,September,Sep,9,3,2024
20240930,2024-09-30,2,Monday,30,274,40,September,Sep,9,3,2024
20241001,2024-10-01,3,Tuesday,1,275,40,October,Oct,10,4,2024
20241002,2024-10-02,4,Wednesday,2,276,40,October,Oct,10,4,2024
20241003,2024-10-03,5,Thursday,3,277,40,October,Oct,10,4,2024
20241004,2024-10-04,6,Friday,4,278,40,October,Oct,10,4,2024
20241005,2024-10-05,7,Saturday,5,279,40,October,Oct,10,4,2024
20241006,2024-10-06,1,Sunday,6,280,41,October,Oct,10,4,2024
20241007,2024-10-07,2,Monday,7,281,41,October,Oct,10,4,2024
20241008,2024-10-08,3,Tuesday,8,282,41,October,Oct,10,4,2024
20241009,2024-10-09,4,Wednesday,9,283,41,October,Oct,10,4,2024
20241010,2024-10-10,5,Thursday,10,284,41,October,Oct,10,4,2024
20241011,2024-10-11,6,Friday,11,285,41,October,Oct,10,4,2024
20241012,2024-10-12,7,Saturday,12,286,41,October,Oct,10,4,2024
20241013,2024-10-13,1,Sunday,13,287,42,October,Oct,10,4,2024
20241014,2024-10-14,2,Monday,14,288,42,October,Oct,10,4,2024
20241015,2024-10-15,3,Tuesday,15,289,42,October,Oct,10,4,2024
20241016,2024-10-16,4,Wednesday,16,290,42,October,Oct,10,4,2024
20241017,2024-10-17,5,Thursday,17,291,42,October,Oct,10,4,2024
20241018,2024-10-18,6,Friday,18,292,42,October,Oct,10,4,2024
20241019,2024-10-19,7,Saturday,19,293,42,October,Oct,10,4,2024
20241020,2024-10-20,1,Sunday,20,294,43,October,Oct,10,4,2024
20241021,2024-10-21,2,Monday,21,295,43,October,Oct,10,4,2024
20241022,2024-10-22,3,Tuesday,22,296,43,October,Oct,10,4,2024
20241023,2024-10-23,4,Wednesday,23,297,43,October,Oct,10,4,2024
20241024,2024-10-24,5,Thursday,24,298,43,October,Oct,10,4,2024
20241025,2024-10-25,6,Friday,25,299,43,October,Oct,10,4,2024
20241026,2024-10-26,7,Saturday,26,300,43,October,Oct,10,4,2024
20241027,2024-10-27,1,Sunday,27,301,44,October,Oct,10,4,2024
20241028,2024-10-28,2,Monday,28,302,44,October,Oct,10,4,2024
20241029,2024-10-29,3,Tuesday,29,303,44,October,Oct,10,4,2024
20241030,2024-10-30,4,Wednesday,30,304,44,October,Oct,10,4,2024
20241031,2024-10-31,5,Thursday,31,305,44,October,Oct,10,4,2024
20241101,2024-11-01,6,Friday,1,306,44,November,Nov,11,4,2024
20241102,2024-11-02,7,Saturday,2,307,44,November,Nov,11,4,2024
20241103,2024-11-03,1,Sunday,3,308,45,November,Nov,11,4,2024
20241104,2024-11-04,2,Monday,4,309,45,November,Nov,11,4,2024
20241105,2024-11-05,3,Tuesday,5,310,45,November,Nov,11,4,2024
20241106,2024-11-06,4,Wednesday,6,311,45,November,Nov,11,4,2024
20241107,2024-11-07,5,Thursday,7,312,45,November,Nov,11,4,2024
20241108,2024-11-08,6,Friday,8,313,45,November,Nov,11,4,2024
20241109,2024-11-09,7,Saturday,9,314,45,November,Nov,11,4,2024
20241110,2024-11-10,1,Sunday,10,315,46,November,Nov,11,4,2024
20241111,2024-11-11,2,Monday,11,316,46,November,Nov,11,4,2024
20241112,2024-11-12,3,Tuesday,12,317,46,November,Nov,11,4,2024
20241113,2024-11-13,4,Wednesday,13,318,46,November,Nov,11,4,2024
20241114,2024-11-14,5,Thursday,14,319,46,November,Nov,11,4,2024
20241115,2024-11-15,6,Friday,15,320,46,November,Nov,11,4,2024
20241116,2024-11-16,7,Saturday,16,321,46,November,Nov,11,4,2024
20241117,2024-11-17,1,Sunday,17,322,47,November,Nov,11,4,2024
20241118,2024-11-18,2,Monday,18,323,47,November,Nov,11,4,2024
20241119,2024-11-19,3,Tuesday,19,324,47,November,Nov,11,4,2024
20241120,2024-11-20,4,Wednesday,20,325,47,November,Nov,11,4,2024
20241121,2024-11-21,5,Thursday,21,326,47,November,Nov,11,4,2024
20241122,2024-11-22,6,Friday,22,327,47,November,Nov,11,4,2024
20241123,2024-11-23,7,Saturday,23,328,47,November,Nov,11,4,2024
20241124,2024-11-24,1,Sunday,24,329,48,November,Nov,11,4,2024
20241125,2024-11-25,2,Monday,25,330,48,November,Nov,11,4,2024
20241126,2024-11-26,3,Tuesday,26,331,48,November,Nov,11,4,2024
20241127,2024-11-27,4,Wednesday,27,332,48,November,Nov,11,4,2024
20241128,2024-11-28,5,Thursday,28,333,48,November,Nov,11,4,2024
20241129,2024-11-29,6,Friday,29,334,48,November,Nov,11,4,2024
20241130,2024-11-30,7,Saturday,30,335,48,November,Nov,11,4,2024
20241201,2024-12-01,1,Sunday,1,336,49,December,Dec,12,4,2024
20241202,2024-12-02,2,Monday,2,337,49,December,Dec,12,4,2024
20241203,2024-12-03,3,Tuesday,3,338,49,December,Dec,12,4,2024
20241204,2024-12-04,4,Wednesday,4,339,49,December,Dec,12,4,2024
20241205,2024-12-05,5,Thursday,5,340,49,December,Dec,12,4,2024
20241206,2024-12-06,6,Friday,6,341,49,December,Dec,12,4,2024
20241207,2024-12-07,7,Saturday,7,342,49,December,Dec,12,4,2024
20241208,2024-12-08,1,Sunday,8,343,50,December,Dec,12,4,2024
20241209,2024-12-09,2,Monday,9,344,50,December,Dec,12,4,2024
20241210,2024-12-10,3,Tuesday,10,345,50,December,Dec,12,4,2024
20241211,2024-12-11,4,Wednesday,11,346,50,December,Dec,12,4,2024
20241212,2024-12-12,5,Thursday,12,347,50,December,Dec,12,4,2024
20241213,2024-12-13,6,Friday,13,348,50,December,Dec,12,4,2024
20241214,2024-12-14,7,Saturday,14,349,50,December,Dec,12,4,2024
20241215,2024-12-15,1,Sunday,15,350,51,December,Dec,12,4,2024
20241216,2024-12-16,2,Monday,16,351,51,December,Dec,12,4,2024
20241217,2024-12-17,3,Tuesday,17,352,51,December,Dec,12,4,2024
20241218,2024-12-18,4,Wednesday,18,353,51,December,Dec,12,4,2024
20241219,2024-12-19,5,Thursday,19,354,51,December,Dec,12,4,2024
20241220,2024-12-20,6,Friday,20,355,51,December,Dec,12,4,2024
20241221,2024-12-21,7,Saturday,21,356,51,December,Dec,12,4,2024
20241222,2024-12-22,1,Sunday,22,357,52,December,Dec,12,4,2024
20241223,2024-12-23,2,Monday,23,358,52,December,Dec,12,4,2024
20241224,2024-12-24,3,Tuesday,24,359,52,December,Dec,12,4,2024
20241225,2024-12-25,4,Wednesday,25,360,52,December,Dec,12,4,2024
20241226,2024-12-26,5,Thursday,26,361,52,December,Dec,12,4,2024
20241227,2024-12-27,6,Friday,27,362,52,December,Dec,12,4,2024
20241228,2024-12-28,7,Saturday,28,363,52,December,Dec,12,4,2024
20241229,2024-12-29,1,Sunday,29,364,53,December,Dec,12,4,2024
20241230,2024-12-30,2,Monday,30,365,53,December,Dec,12,4,2024
20241231,2024-12-31,3,Tuesday,31,366,53,December,Dec,12,4,2024
